StartPos	EndPos	Seq1	Seq2	AlnLen	Score	pcntID
1290	1302	ACGGTTTCGTCCG	ACGGTTTCGTCCG	13	13.000000	100.000000
8617	8628	ACCTGCTCTACA	ACCTGCTCTACA	12	12.000000	100.000000
11389	11402	AATTGGAATTGTGT	AATTGGAATTGTGT	14	14.000000	100.000000
11836	11848	TAAAATGTTTGAT	TAAAATGTTTGAT	13	13.000000	100.000000
13877	13892	TTCTTTACCAACCACC	TTCTTTACCAACCACC	16	16.000000	100.000000
14008	14021	GGTCTTTGGCTTGA	GGTCTTTGGCTTGA	14	14.000000	100.000000
14422	14437	TGTGGTAGTGTTGGTT	TGTGGTAGTGTTGGTT	16	16.000000	100.000000
14463	14477	TTTTTGTTACATGCA	TTTTTGTTACATGCA	15	15.000000	100.000000
17148	17162	AATTGTGTTAAGATG	AATTGTGTTAAGATG	15	15.000000	100.000000
17345	17356	TGACCCTGTGGG	TGACCCTGTGGG	12	12.000000	100.000000
18014	18031	GAACGTGTACGCCAAGCT	GAACGTGTACGCCAAGCT	18	18.000000	100.000000
18339	18365	TTTAAATATTGGGATCAGAC	TTTAAATATTGGGATCAGAC	20	20.000000	100.000000
18706	18718	CTTTTCAAACTGT	CTTTTCAAACTGT	13	13.000000	100.000000
18729	18751	AATTTTAACcAAGACTTCTATGA	AATTTTAACaAAGACTTCTATGA	23	14.000000	95.652174
18768	18781	GGTTTCTTTAAGGA	GGTTTCTTTAAGGA	14	14.000000	100.000000
18810	18838	TTCTTTGCTCAaGATGGTAATGCTGCTAT	TTCTTTGCTCAgGATGGTAATGCTGCTAT	29	20.000000	96.551724
19107	19120	ACTCAAATGAATCT	ACTCAAATGAATCT	14	14.000000	100.000000
19140	19156	AAGAATAGAGCTCGCAC	AAGAATAGAGCTCGCAC	17	17.000000	100.000000
19329	19345	CTTATGGGTTGGGATTA	CTTATGGGTTGGGATTA	17	17.000000	100.000000
19458	19471	AATGAGTGTGCTCA	AATGAGTGTGCTCA	14	14.000000	100.000000
19872	19885	TTTATGTCTGAAGC	TTTATGTCTGAAGC	14	14.000000	100.000000
20025	20041	TTTGTAGATGATATCGT	TTTGTAGATGATATCGT	17	17.000000	100.000000
20085	20101	GCTATAGATGCTTACCC	GCTATAGATGCTTACCC	17	17.000000	100.000000
20184	20195	ACAGGACACATG	ACAGGACACATG	12	12.000000	100.000000
20320	20332	ATTCACAGACTTC	ATTCACAGACTTC	13	13.000000	100.000000
20838	20850	TTTACTGGTTATC	TTTACTGGTTATC	13	13.000000	100.000000
21138	21151	CAGGGACCACCTGG	CAGGGACCACCTGG	14	14.000000	100.000000
21162	21175	AGTCATTTTGCTAT	AGTCATTTTGCTAT	14	14.000000	100.000000
21849	21883	GTCTTTATTTCgCCTTATAATTCACAGAATGCTGT	GTCTTTATTTCaCCTTATAATTCACAGAATGCTGT	35	26.000000	97.142857
21996	22012	AACAGATTTAATGTTGC	AACAGATTTAATGTTGC	17	17.000000	100.000000
23201	23212	TGATGCACAGCC	TGATGCACAGCC	12	12.000000	100.000000
23755	23768	GCTTTTAATGTTGT	GCTTTTAATGTTGT	14	14.000000	100.000000
24029	24041	CTACTATTGGTGT	CTACTATTGGTGT	13	13.000000	100.000000
24786	24799	GTGTGTTCTGTTAT	GTGTGTTCTGTTAT	14	14.000000	100.000000
25153	25166	GTTATACATTTTGG	GTTATACATTTTGG	14	14.000000	100.000000
25168	25184	GCTGGTTCTGATAAAGG	GCTGGTTCTGATAAAGG	17	17.000000	100.000000
25864	25892	TGATGTTCTTGTTAACA	TGATGTTCTTGTTAACA	17	17.000000	100.000000
33189	33202	TGGTACATTTGGCT	TGGTACATTTGGCT	14	14.000000	100.000000
